codigo_municipio,municipio,cons_medias,cons_desvio_padrao,mediana,sim_freg
101,Águeda,"[385.132843665238, 314.7175488914794, 278.21272535214536, 446.61402816796726, 364.8706230424525, 478.1246454815587, 279.6773626724472, 321.87566513230155, 347.31254339015794, 394.6686345057747, 261.610687562481]",70.07710965011346,348.815441559015,2.676890909090909
102,Albergaria-a-Velha,"[294.798817010592, 297.36980300043854, 373.3404982524602, 291.664244989988, 373.3644215792576, 289.5608715366515]",41.399636752101614,316.11815284314775,0.036783333333333335
103,Anadia,"[378.081264315621, 269.7362016393111, 270.05675455926234, 356.50550179896, 281.351305905944, 281.1567945913706, 294.85921136366443, 304.10028410186266, 415.9552050168516, 359.95012006699534]",52.07242765608402,317.3026210455096,0.5849
104,Arouca,"[261.17498347206083, 420.458045500787, 464.8060044798439, 282.84179068059564, 467.8797898827426, 206.16175366937773, 253.6287279988656, 294.47520171428954, 292.1303671796284, 241.29633436380743, 241.8018737611666, 279.17172032380995, 390.2957232706749, 203.34750234734668, 229.722639917461, 136.9552785217189]",95.87131298844645,283.60429983982544,12.537462499999998
105,Aveiro,"[303.1979180537696, 354.08778228496755, 378.205656331896, 339.53959954441444, 305.3075619289833, 255.19195689925743, 263.7633707520822, 262.8486929638596, 303.7207746142771, 447.3103178318928]",60.1057748566332,316.5392398142932,1.5900999999999998
106,Castelo de Paiva,"[243.26765639744943, 294.80445863600795, 293.3465002744966, 307.6650239357445, 287.7199840913983, 407.93664330698624]",54.678230005375156,300.16218713731195,1.0086333333333333
107,Espinho,"[352.54203336157315, 312.5374674302229, 331.3963262285558, 298.40174667161426]",23.49254191061174,323.2270621544528,0.0
108,Estarreja,"[352.9380872192167, 288.4023330958409, 271.71422347865047, 376.3870014320853, 288.95174501898026]",46.00262304630603,313.15681650638,0.20592000000000002
109,Santa Maria da Feira,"[335.9251898152981, 376.4511770214861, 325.945514098792, 317.9593820235676, 272.1211106260001, 392.7621487735792, 314.46345162295273, 318.1000432596944, 302.95499334743835, 315.95214351119944, 356.57858128559786, 358.78362307389654, 325.7567441436961, 345.08068105482585, 337.6803086586816, 352.75283726333925, 381.0538331082028, 316.4382707178508, 306.73747444308066, 395.3058605335856, 340.5264385221632]",31.472566847321186,336.51428825806715,0.002314285714285714
110,Ílhavo,"[293.38225777825977, 239.6080168637613, 273.2017925253529, 274.2681551108726]",22.351870093662804,271.36174001292954,0.000125
112,Murtosa,"[349.72687182230766, 260.4339056637522, 253.7854649651256, 196.1136990925812]",63.431273508656524,262.30903654368115,5.012975
113,Oliveira de Azeméis,"[332.24497921279385, 467.6040988041048, 373.699800414644, 311.5622519139701, 290.1973148990879, 312.34285384813165, 427.2992045050392, 301.9173023717487, 380.8250348057954, 370.6235159679043, 297.58673227235295]",57.93644071182324,346.5948134188908,0.6483818181818182
114,Oliveira do Bairro,"[379.19133550295663, 339.5440386604876, 391.1471969672713, 344.78674844082406]",25.39387971184163,363.41681537235587,0.0
115,Ovar,"[399.9383793879302, 307.2576813685586, 310.41095016690053, 328.6428900183606, 335.72772653094825]",37.49151806898055,332.1271919358696,0.0030199999999999997
116,São João da Madeira,[428.3489234768215],,,0.0
117,Sever do Vouga,"[191.2476406250062, 267.9837851979768, 227.2273647522948, 425.1000866573691, 322.3129722701731, 298.5433030277457, 254.81031653587704]",75.85427839178226,278.1654981080155,7.1777999999999995
118,Vagos,"[379.59831558964106, 203.28428224148143, 330.14977497881506, 273.7989020175104, 321.6495431860703, 251.43093336808383, 345.5501478161744, 370.9975033619878]",61.52547874825292,313.31436906255715,4.0261375
119,Vale de Cambra,"[193.42242435622072, 310.2030997152453, 207.28736882973, 209.90759441420863, 334.7762451612416, 222.29417845676628, 382.2992461806463]",75.25552803448778,261.0208100330986,8.919871428571428
201,Aljustrel,"[257.58086400365306, 337.9875428924751, 541.3452135875694, 330.9557019837667]",121.80546052459623,356.5521147695689,11.4804
202,Almodôvar,"[280.0864963972709, 175.1545323632257, 246.34483744842703, 243.101870554039, 348.8508176444246, 198.45635026722104]",61.620674148504186,245.64671592026292,6.009083333333334
205,Beja,"[702.5415965937082, 253.7520276824562, 247.5316502208531, 409.913027595158, 597.1677643722785, 504.55378390236166, 422.9882194221914, 372.2108316753451, 359.2723021414424, 349.2233192750098, 396.51571341440246, 454.80590047743857]",130.91581911243892,413.31481543033124,11.039641666666666
206,Castro Verde,"[252.03101240581816, 224.20389084584937, 161.9687280230645, 326.4582394685063]",68.19759439194364,240.11297363764754,9.01285
207,Cuba,"[407.7526562979649, 268.1730890386094, 282.3828920038009, 199.48087972069308]",86.78058926396442,284.6986109828789,9.581774999999999
208,Ferreira do Alentejo,"[349.32415935273025, 512.0923804544177, 330.33553175546604, 410.80273411263744]",81.85545802070429,395.198202329299,2.226775
209,Mértola,"[208.86824545748365, 110.2386086381747, 125.58141584227276, 282.4108837146179, 158.32826749116293, 172.16681204873737, 149.32308383936316]",58.050202392286984,167.05403645356606,12.317614285714287
210,Moura,"[253.605450617676, 383.8826867004937, 276.178445307798, 371.7121725066884, 203.72385172755332]",77.69203238555771,296.84597062437774,7.57734
211,Odemira,"[251.997021306462, 210.45856648821947, 256.12214696848537, 253.86351227506952, 313.54972030052545, 241.9003805189011, 425.9862034952338, 474.8753336565772, 252.51685743774, 205.8312400344597, 351.42694029113363, 424.25986627041374, 252.49530738941615]",89.36593294772558,291.71973433017604,9.564407692307693
212,Ourique,"[357.5826866214711, 242.37274263290396, 235.54020743275305, 188.14294307656905]",71.94417973828227,250.35671993635754,7.622775
213,Serpa,"[275.59033652211434, 307.35710787213605, 296.80975135436086, 380.2167560328208, 313.67313517406615]",39.360641141494725,310.8013028735786,0.027320000000000004
214,Vidigueira,"[213.92576702440635, 502.10976271831873, 394.3930847204672, 333.0917877703999]",120.32830652465739,361.7680276896677,13.427425000000001
301,Amares,"[316.30026799361, 286.6647241656246, 216.97810326704047, 293.3582242397885, 246.7190290351773, 271.04177872516635, 241.29827471798276, 331.9370966813644, 377.709393630289, 226.48553981915907, 200.51260490138552, 309.4325435645043, 275.64851988678646, 344.0488622104713, 227.61689120165053, 187.55474153388295]",54.710778004206055,270.7475078428729,3.2157187499999997
302,Barcelos,"[449.9922070715871, 404.70372966883775, 458.75921579712593, 371.35339608018336, 290.20983066926107, 475.37890854482094, 323.4780309545387, 465.7691898162964, 295.70992555507, 506.1939262160853, 435.513742974376, 387.9998614060575, 481.4979027162525, 473.76007794908816, 356.7955333815261, 361.44895895089945, 473.18060725884106, 407.897589119954, 332.28752156061296, 490.8417649516505, 485.1228688205295, 543.6328980927836, 535.7385632882899, 514.8518592678092, 388.76819707081927, 360.5747153056208, 371.8067361519626, 304.60225495601924, 296.4225000258488, 496.7301324825303, 383.7639320916539, 437.8289383475447, 541.5534850378284, 452.4032816517636, 485.4157866111816, 563.5006408186762, 395.7604282168705, 368.9833245322445, 525.6970063462092, 617.1929781072955, 390.0726768477648, 556.9660195171488, 542.6147411728422, 314.84838239326893, 409.1113615343277, 383.5432863931495, 576.7688414598496, 443.6816617208024, 376.7436808278351, 484.8812035133437, 406.6808793101079, 362.3336829794309, 405.7946619876966, 352.1127208702942, 455.46922298005046, 309.7517672145731, 361.33014747701776, 645.5806301419319, 369.3403678251902, 441.26666666666665, 344.62671707097826]",84.23949506216314,426.9961623695131,2.8380918032786884
303,Braga,"[563.8597374990644, 403.3727077282176, 394.1751083857105, 396.7865508791935, 274.9574345173982, 387.52592789908266, 356.12650488809635, 306.2362442306354, 404.6965313286515, 299.1190143767831, 428.6653619208908, 332.0037206843917, 297.54210153904006, 308.2251255773336, 753.5847225542155, 342.1180106096015, 366.9780495913137, 532.3640670705977, 359.38763738593553, 338.8662454002835, 464.0128581356132, 363.29817828966287, 485.07498688568575, 343.4935213023264, 373.7357147891078, 347.54906856458405, 351.73665418600126, 362.3966892059482, 332.0427968910947, 320.28081909845383, 535.8063308660933, 321.78359359930874, 387.7310055629173, 394.8960181806757, 377.2753686393975, 392.2891354320983, 392.6324347742614]",90.5635802380421,377.78666254600546,3.6567324324324324
304,Cabeceiras de Basto,"[261.0258837234638, 347.6536325919546, 158.00197028944612, 236.85962116775303, 211.1413486712269, 259.04082413180384, 271.8961614801397, 156.37456057722773, 216.6377519915629, 349.2446246872437, 106.42800022686866, 313.41730589797004]",76.08468912383734,241.8175766186048,13.270266666666666
305,Celorico de Basto,"[206.8343753643425, 210.86158957637065, 219.48299244209568, 268.00846101387793, 246.7308997784802, 206.05655345716596, 180.0576504692432, 265.46739840917826, 233.3862439371096, 188.267907808959, 367.6485924416213, 155.47326383673584, 212.60513054778465, 269.6732494438372, 319.7449175694091]",55.14785414125088,232.17298125534575,4.700173333333333
306,Esposende,"[271.9450581592209, 368.8963164411573, 284.7144260908319, 317.02021124394275, 286.0060444081358, 273.2124527659973, 341.7174059994962, 434.2158167596479, 333.9165361537245]",53.50005603749259,318.63862618342114,0.617111111111111
307,Fafe,"[235.5517008652977, 244.2855262776624, 350.77970645571617, 308.42478748488185, 393.2163505110128, 316.0953588911257, 237.33976206102173, 315.77749447812795, 331.3094565718664, 259.4834242400734, 234.68239422914036, 318.7995643448909, 462.9588695613601, 405.0843623745336, 347.2402789412124, 267.0018939390939, 257.4004259765732, 131.4807190994868, 206.02324516822452, 259.1272301441884, 247.25646919750977, 297.7055606854947, 237.6054894728945, 140.61413522744095, 176.39487746634111]",78.66633437619276,277.4155108173631,9.894264
308,Guimarães,"[344.69879154850514, 329.6362813733347, 429.35757489047296, 412.4853821525035, 316.55132891473625, 368.0900802257245, 367.2633145244672, 338.36804091514034, 281.7706125643833, 314.9056505129376, 412.6929585658254, 305.26320006138536, 282.6539105284264, 392.2184167126291, 385.2608765147133, 418.8899762008337, 341.3596352597593, 403.9669700120881, 362.5199254761597, 377.9629808870611, 307.86711356421546, 349.84167946736164, 268.3093457245319, 442.1577302356041, 381.2195064163771, 277.1745923201815, 377.1870442865216, 302.4860151250553, 1028.3304040992946, 407.9529979501708, 395.2334338425806, 298.51956599474505, 257.4142394683572, 307.6455690987051, 378.72212708600347, 314.09363207422206, 354.71158500512735, 335.7187186503177, 363.068633512429, 561.3802433853145, 337.096959532257, 301.8199056435247, 441.010551127873, 383.5535696298745, 335.1639103166137, 346.3819767094469, 285.82495224833764]",113.48878915506513,356.23370320185217,7.8619851063829795
309,Póvoa de Lanhoso,"[313.239155267754, 270.95310907708745, 232.2132836303116, 252.2744674581999, 331.54194597845657, 269.50042285947563, 288.1798958746778, 333.889751118078, 238.4050376800236, 285.59236417868016, 242.60625847091836, 255.55014941990015, 183.02164359841825, 312.3954035911142, 234.8625810818564, 367.248275740816, 279.58499300706126, 342.32806701738326, 288.4405805958873, 246.77375427247685, 267.9825444962553, 171.23165227828483]",48.70740214462564,273.3469680743254,2.415531818181818
310,Terras de Bouro,"[186.3504469844369, 403.7071145442049, 135.5720912910308, 215.70310404609336, 168.5223099988798, 437.5904047588629, 169.7245595839765, 306.2618463564854, 264.3748378728924, 301.662734892307, 403.05678220210666, 125.07094390609132, 173.18930395018924, 144.24471593296786]",108.15849141464145,236.35490034842178,20.6331
311,Vieira do Minho,"[230.7695640015727, 229.7097303368738, 212.49733772508213, 241.05691010529915, 201.350576664412, 213.36932637253207, 184.6404089264604, 190.5022760584001, 174.30275042908488, 332.35041023045727, 414.86139897440034, 187.7886833840556, 182.43245940001503, 251.7663553475468, 148.52052536935594, 248.75340185553355]",65.4861638596354,219.5146915468901,7.75825
312,Vila Nova de Famalicão,"[330.4968201818176, 370.9723945643216, 354.3010268892151, 398.9856231717415, 282.90288620955874, 454.1081836286184, 406.27422310596216, 367.375297349208, 389.7780201510425, 375.1783419400817, 306.30900127312634, 284.8932421383964, 367.3329258597789, 365.0998918126832, 334.6624898375728, 496.051798710911, 353.499855542892, 408.5008754615002, 331.38316390501967, 343.8488102802708, 1148.4559771743395, 461.8485638952274, 383.7582996086836, 487.9923702275023, 793.6419376349207, 439.0745659912613, 347.99355593344484, 363.5253786207626, 393.0924048360064]",168.67196297011546,393.5981854735894,14.280868965517241
313,Vila Verde,"[375.8704744079667, 373.6033858171709, 373.546046785417, 337.72073011025003, 204.25741726136087, 325.2904798821034, 360.7920949582021, 325.01535362719727, 260.85597637272053, 297.70420414937706, 373.7019586826838, 521.0924257552666, 292.1217070015018, 266.1882891858336, 227.45749320835023, 419.2897375486691, 372.7296701800198, 239.29305415893404, 431.74016309846047, 300.4959055559256, 154.80642021766076, 171.10192167853458, 238.12233751453428, 239.948126616434, 275.7431590920253, 292.2557066734286, 357.7550416545872, 235.73325436134533, 377.1872439040846, 214.74562273420256, 172.22481210199348, 220.02052912858008, 386.6779053935473]",85.02194617777832,302.01383206313886,10.05500303030303
314,Vizela,"[316.304836604051, 432.7550135032757, 351.0400035676624, 395.9428786970878, 351.0316407178857]",45.30994236095447,367.6641937403481,0.03848
401,Alfândega da Fé,"[368.3217704938178, 163.3190430381634, 186.3996852058556, 145.28763084231085, 240.4457593667072, 120.56187544624628, 140.23490301779842, 152.15140181908163, 143.62220216910342, 185.75235059881115, 164.48649401259033, 167.69546630837596]",66.23189142593283,171.7582598913036,12.749625
402,Bragança,"[245.14358506277316, 158.3125397064067, 275.56360297376125, 173.29109976618238, 356.2027343375675, 196.5265948108549, 290.84170739278017, 224.40044050210292, 154.11813221855434, 673.2504979836763, 160.4124328994709, 823.8827271169456, 154.13953538121132, 160.43976995159977, 300.43432061315, 414.70205197847054, 144.13951902510425, 153.61077728501658, 209.22841604382563, 203.88929384866768, 172.2390111537068, 181.740700544825, 297.1398748501976, 226.909695359866, 488.6042080312423, 219.71222538774813, 304.8294340966211, 201.13626957297515, 141.56260808012868, 200.67950893932837, 158.3786089238845, 128.67832545087063, 123.41299929971989, 246.3991332842138, 179.5102282414357, 153.79965296664776, 150.93128010991128, 155.71121215769324, 307.43325423106245]",144.46915218929405,222.93618300164965,25.25567435897436
403,Carrazeda de Ansiães,"[514.8113321215644, 203.0120188005861, 100.7455689949346, 218.9845385467505, 183.2429192865564, 87.300003398986, 130.65853429500427, 163.06913195640044, 154.73197959825237, 110.38173452578197, 167.85894144009376, 237.7913306451613, 191.8579308748334, 155.36320181307158]",104.05720313106904,172.93507913234907,23.430657142857143
404,Freixo de Espada À Cinta,"[207.92511331766096, 205.15937906707333, 316.48668060646503, 107.45688641741744]",85.40107717477355,208.38940353549242,18.060175
405,Macedo de Cavaleiros,"[496.7766180319013, 231.5014347278724, 184.73461245077291, 224.22034789500583, 206.37637759806705, 154.66730925160698, 162.29507337526204, 161.73193411837258, 150.08198484351053, 178.85416758916674, 267.91157742874094, 228.2227463312369, 324.7499201815632, 250.62749942873836, 185.0509745978836, 161.5752741600503, 173.29043582592848, 235.94133850020947, 179.12376568942935, 169.66030290373544, 191.7768042798689, 310.72379567365925, 239.55921125185708, 148.92852155303427, 185.2737000035487, 203.85729615982237, 193.06146549491191, 144.21995900624788, 256.84409964347884, 174.4156506792865]",70.82483856848121,203.82079821200315,10.91573
406,Miranda do douro,"[186.1671815549661, 136.47879646068228, 190.85278412884145, 500.55511678853776, 351.4814340530226, 279.890042443817, 148.798369061142, 118.80933006291298, 137.40747980150482, 125.4325, 125.33493220344906, 266.4514347953848, 167.76353002734308]",112.65107854504161,195.5540403234122,23.887315384615384
407,Mirandela,"[195.68877648991824, 159.28620000940546, 145.63884538127098, 182.79087048832272, 203.82961903149652, 243.81640921698812, 127.56852280779016, 348.6988001665954, 147.64978103070476, 201.8967719976184, 121.37950841732292, 261.1201029090582, 270.6658605810137, 203.2982730750114, 392.03540937212193, 181.76346414027148, 243.22956403417948, 170.24162909842352, 167.8779281837286, 278.7308017156405, 291.7284776460626, 129.66718814499484, 164.75632913721213, 187.94923957976656, 174.62765911018005, 314.74071463993334, 261.2183054857183, 208.2365920034588, 197.1900080930128, 143.6735103898646]",67.26144295017747,204.61113064985915,11.75445
408,Mogadouro,"[178.6290137727694, 221.7745237868791, 116.27509879172892, 186.96002678116625, 160.80501684552033, 172.1168171638731, 151.38806097491835, 207.522647596192, 477.9445756156015, 127.76836666554644, 234.01780626780624, 120.73622367354842, 223.6758168207717, 163.84138604750936, 165.5354287301274, 242.35267545599632, 190.91490393801664, 174.68933600890023, 400.1293109691722, 139.72948457723487, 132.16599424892365]",88.48937325512472,186.6635223324448,18.155261904761904
409,Torre de Moncorvo,"[177.43144482072293, 178.58796798482683, 158.0466087238017, 127.67275175864609, 146.91453899441913, 219.0161752151428, 112.9260145879948, 90.501294810055, 362.3797781925933, 160.10425128900508, 223.5023382416936, 130.66857161048452, 142.04302266634548]",68.82664511370426,163.30861293351632,16.065384615384616
410,Vila Flor,"[221.55202933812905, 181.0463621762896, 166.02265392872656, 303.25216326072257, 170.4544446091871, 351.59518965074085, 179.99118377294016, 174.9237726098191, 154.63279132791328, 247.6203032259381, 156.57555371471656, 144.71865704926836, 357.56598910941244, 199.30185755217988]",72.58411414179048,205.69906258891837,12.375257142857144
411,Vimioso,"[166.51686170680176, 138.13102136426204, 145.6653684819071, 116.45765914538678, 135.0521444120259, 137.55578512396696, 412.9448260452869, 135.50404600312007, 140.3461972514553, 126.01875034830285]",87.92466898047054,150.23066442960823,21.58665
412,Vinhais,"[174.7092666148816, 140.3260955739047, 143.0189814175042, 133.67554329687815, 142.20437956204378, 192.4359856360752, 156.97196379940553, 137.4186655129437, 273.8363888549115, 122.26362179487178, 129.0288906681846, 133.98459479235814, 150.59533333333334, 143.61337598143794, 139.76317960217756, 152.26701166666666, 116.25, 363.9793004284738, 138.50743561614613, 133.20504443633507, 137.0847513640533, 103.15449005806896, 174.4778020378457, 117.02722636983356, 162.69807055841576, 154.42132154711462]",53.117663949630064,148.54405058988885,10.379703846153847
501,Belmonte,"[270.4880421151606, 191.4695004037782, 178.08173266385097, 316.064621952039]",65.57599596729513,237.6150047479514,8.204375
502,Castelo Branco,"[298.2086532173092, 160.0500588711175, 498.99938639580137, 357.0576664131647, 236.58888167482652, 243.86517803740648, 136.18228260273457, 128.08696522074155, 228.339731986043, 138.25408779510147, 190.0287686074719, 159.6660689533194, 188.1541473326869, 252.5657411562893, 233.32124800584663, 249.56141956307013, 188.0850315428726, 176.75873309959596, 266.5732696178944]",88.48677460027316,218.40332903008587,15.71122105263158
503,Covilhã,"[173.99065947911626, 388.4117785202301, 220.00442976028387, 279.71098462534303, 162.47323295951193, 321.5395105523603, 254.8686563753855, 256.8453281311522, 260.1960042125759, 161.0932247846136, 133.29431147322543, 334.21342938405513, 239.9444125109371, 159.2430077914698, 199.59825512569444, 203.9042967805519, 185.70630124465887, 378.06596090030285, 239.1945631483128, 255.96623290956447, 237.6617828443973]",70.76253056550756,235.85819567203913,10.315519047619047
504,Fundão,"[256.0195746357071, 353.8337919887369, 255.39587504003848, 328.1920744514561, 127.48194156019557, 164.39448276126302, 161.71383599125306, 152.88960811712653, 369.4147816157801, 211.5183663991344, 125.9371444025886, 194.29743300879372, 208.5848086427169, 232.3321499850466, 232.35401289867764, 202.411380328098, 270.7780920694051, 217.39294514379228, 181.29516480238345, 170.86563657169222, 365.9286952103138, 247.06391027336693, 233.22800523133532]",71.11837978087188,223.59135288706378,11.453695652173913
505,Idanha-a-Nova,"[141.6174358864379, 270.19077856419494, 165.93879991936566, 160.94322942217278, 166.99388418766222, 127.49754919832516, 132.02510354462592, 204.9581555687714, 120.8282683882912, 400.7241267926207, 190.09327089294732, 161.88264845526342, 178.1847046196765]",75.36400100098113,175.42159501618622,15.680938461538464
506,Oleiros,"[138.16345761807608, 116.25346204598266, 126.22652868832556, 156.55209775918703, 168.1530466009149, 169.90937025398824, 116.4830353370515, 162.50685447652378, 184.30975091355037, 272.697330793347]",45.80974287856973,156.0468805176369,7.76072
507,Penamacor,"[126.72818567200711, 144.4260615266868, 116.27643381826373, 146.71827334990414, 389.61700894791744, 95.0488092462084, 116.2188028157377, 141.39227465994185, 174.5528314203206]",88.62969088985169,146.9691202490074,23.017022222222224
508,Proença-a-Nova,"[171.81327388919462, 162.81030580969943, 301.7375726805688, 165.62355820004316]",67.59894861004958,192.72560737324795,11.196150000000001
509,Sertã,"[211.34348864994024, 164.33138206928592, 188.4003800050576, 201.47978976488292, 353.3964680137089, 156.26601346321775, 177.71910856219367, 229.31985019204132, 217.3681866938623, 158.79530168613155]",57.7302996805382,198.1702573815635,6.839230000000001
510,Vila de Rei,"[126.52194284345752, 168.20562132082412, 262.75606378589856]",69.8057434727562,182.941177468329,15.067366666666668
511,Vila Velha de Ródão,"[135.8712115815695, 259.70782337592584, 175.67371136347026, 305.124348498069]",77.16229106895167,218.79320463263014,14.79425
601,Arganil,"[308.2115428576547, 113.54716740236934, 96.15529903100776, 152.5569440674659, 115.2992754976614, 126.07889874200411, 209.3518917120032, 234.195608036533, 272.0648755917956, 218.52920548588884, 97.75005147232322, 128.0810188320448, 249.8889158585546, 182.42230444617584]",70.06756137492656,175.5510496677238,18.195114285714286
602,Cantanhede,"[273.77181576390564, 275.3993805889601, 252.00715218456853, 283.0032761906013, 267.83799372973937, 233.53533376648707, 269.30916804511327, 260.8812304846826, 306.0435028924935, 384.7296362812183, 275.379354664171, 258.601416459366, 256.4604707170691, 300.38750166479167]",35.83959216010029,273.9436402726837,0.0399
603,Coimbra,"[244.6301689897183, 270.95763459477723, 251.0145053101089, 294.033699991655, 296.5802784275464, 276.5698807169418, 284.7900064000745, 233.1112682981786, 302.08449863571155, 388.62156285223455, 526.6642759319351, 299.4781553726305, 417.1305293350206, 285.4066411362172, 264.6821018163076, 265.21724757106864, 579.2776755362393, 379.2499997258026]",96.94811818591123,311.54388487003826,8.497316666666666
604,Condeixa-a-Nova,"[262.76433045931066, 257.3102245360982, 171.1169902508136, 208.3862975545165, 307.47394424554346, 292.6703734801269, 224.9250285129713]",48.01309306411827,247.69210925276934,3.2083142857142857
605,Figueira da Foz,"[250.6036118275717, 267.8509734979178, 282.9043162155252, 241.6980250483065, 216.2712497612472, 266.3873924208115, 304.9487217225795, 347.5311074398708, 268.06603646936526, 201.1253901155893, 314.24305133376475, 302.9714203670507, 314.9490694231119, 251.12621151266475]",40.63523748145996,273.72576680909845,0.6746428571428572
606,Góis,"[142.22299518633923, 248.45564756188708, 196.6796667833639, 85.0977085272924]",70.3155422171588,168.49381900356033,19.0865
607,Lousã,"[230.62744075412223, 222.20634795128868, 274.9721470234283, 283.2437463232366]",30.80050905499407,252.77714153459678,0.03325
608,Mira,"[326.1280563453103, 283.1141713315644, 272.6961791915075, 257.4804685879768]",29.460128748874194,282.6476095519232,0.00115
609,Miranda do Corvo,"[243.5099889808588, 295.29814161465174, 179.2386489669092, 266.6511776037233]",49.396134341553335,248.92776808715416,3.6131749999999996
610,Montemor-o-Velho,"[386.20983809244416, 317.8438384014313, 325.6587054984997, 332.0914870094004, 284.1764817641661, 254.8712965285241, 332.9961946923841, 518.757638460354, 233.4447429083027, 250.46758058952483, 385.4082813852482]",80.88606453047781,322.2741678072181,5.404227272727273
611,Oliveira do Hospital,"[159.2457221174225, 227.56972403682585, 231.05949034913635, 301.3166279068539, 298.0343404345781, 185.5618209470879, 246.63944207402304, 279.7918337706842, 156.14321343679117, 221.87873630175736, 198.35142617961347, 209.9030255862901, 336.7015927292257, 406.0302345953176, 200.15208917396944, 291.604980985154]",67.767890198526,242.2799853611843,8.377643749999999
612,Pampilhosa da Serra,"[89.1407017395523, 175.0247267638424, 159.85997418815623, 239.78810445665388, 116.84288861891706, 144.69432738916402, 99.73536320221956, 118.63618824808184]",48.889208168427125,138.7620903071332,13.039000000000001
613,Penacova,"[175.85559592644805, 258.36262059668184, 188.60502951990975, 299.09843331145174, 385.61887570758, 200.71021684086736, 245.3833932371768, 242.62493779551357]",68.28850783496819,243.58685462626997,7.5352375
614,Penela,"[189.25438345964855, 236.26546590280503, 226.41850401908883, 309.06176635107744]",50.14246001053374,237.2019041084139,2.61895
615,Soure,"[240.3591225895324, 266.6902059488648, 290.1650433896403, 236.67357253173077, 301.78611188605913, 273.6358445753762, 259.33411090553653, 299.1459993251535, 207.08213289798627, 224.23119265501356]",32.3678010349008,260.50429285314146,0.11646000000000001
616,Tábua,"[167.9519275660742, 282.74945043738904, 288.615377894393, 216.0297093578708, 227.8950591288248, 175.49911073647078, 364.8712755393872, 208.58624064088124, 198.90777441682167, 247.67125784693036, 190.11069336968603]",58.838478002080144,227.85585070775298,5.789272727272727
617,Vila Nova de Poiares,"[189.23068131891296, 169.00422656145017, 295.4904362673531, 292.3710502611303]",66.81195358608142,236.79491508511967,9.471549999999999
701,Alandroal,"[335.6587570279005, 191.5243478958496, 311.7919391870609, 481.2282301360278]",118.89635331569079,327.8263906396988,14.835975000000001
702,Arraiolos,"[412.11906638704266, 345.3697550503237, 409.1200075251707, 247.6685885537165, 382.8436142012079]",67.97377307320598,366.33141865608917,3.6461599999999996
703,Borba,"[378.7732689301604, 292.403101933466, 412.7818545275569, 244.28890747585845]",77.4049557563575,332.69174326587165,5.328275
704,Estremoz,"[354.7987695604561, 273.433015775808, 237.29387551243727, 605.86801601321, 259.805731427157, 411.9519567519349, 346.5712809750553, 254.19514601597032, 336.1771585294065]",114.49242500965791,328.4897520319178,11.503044444444445
705,Évora,"[512.1109641052211, 532.161949988259, 297.7498390776213, 433.5086184912013, 400.5429181166661, 453.4256275840417, 311.42376423263323, 518.1938392447195, 461.2115775355039, 593.3052255823262, 482.8411921732011, 298.68859107820464]",97.27740974387454,445.7578802820469,5.771341666666667
706,Montemor-o-Novo,"[539.9514515182316, 325.1862806791992, 406.5526480535919, 306.58759169829824, 311.6964201110707, 437.0423614412032, 454.94053242115774]",87.64885606749844,394.16141269526963,4.096114285714285
707,Mora,"[224.2105789352648, 206.7564549853108, 425.77563338728265, 269.0729690721977]",99.73056414959834,271.92906034525674,13.010375
709,Portel,"[441.0372641051634, 358.0754871359006, 269.40414917431093, 208.9219815875804, 258.6001766900456, 315.29079871995907]",82.46721989163117,304.184924667603,7.510666666666667
710,Redondo,"[258.1684864978194, 358.15902094432727]",70.70398496159278,308.1064062177835,3.63145
711,Reguengos de Monsaraz,"[322.5949402324866, 370.44323075368, 388.6883222614663, 252.63191261563637]",60.742870595657855,336.9883658474975,2.2384250000000003
712,Vendas Novas,"[353.1962710305607, 387.67496136221615]",24.380115739944628,370.4356828802988,0.0
713,Viana do Alentejo,"[351.21233033660684, 377.6557891347109, 398.5585212392751]",23.727067931071574,376.14721887217877,0.0
714,Vila Viçosa,"[271.86297043721135, 290.1331282667417, 260.7023053782469, 365.1081017796086]",47.02924971235711,292.5067622795997,0.310175
801,Albufeira,"[620.6589078460916, 570.2110922047981, 500.5259300889616, 438.963383105234]",79.51001420824636,533.3147247760983,0.42110000000000003
803,Aljezur,"[332.4981614136044, 333.4685156853065, 311.8594490667288, 328.96226862269634]",10.079537985682833,327.7508947524169,0.0
804,Castro Marim,"[203.8615114236045, 402.7427359897597, 153.6840619036012, 219.2119955581932]",108.90164568636662,234.6793805554014,19.039900000000003
805,Faro,"[594.9060731714598, 389.8680327701604, 635.0029114979496, 394.7875138304168]",129.58733849785156,502.9451350449741,7.069400000000001
806,Lagoa,"[397.647417579997, 314.3122342653642, 389.9594542790596, 532.7880122604726]",90.88500166410422,403.62418389567085,3.5765
807,Lagos,"[427.0333908423586, 506.7592365539884, 425.7584841444309, 376.4140512715055]",53.93361326119842,431.34180840846864,0.037875
808,Loulé,"[1113.477908834839, 426.9022369041283, 200.85975043126447, 607.6805130842632, 356.2465704762964, 307.8420444077253, 453.98145106161536, 571.40218081541, 413.6899918426846]",263.3387586368673,463.10374928611856,23.291755555555554
809,Monchique,"[296.97717271190163, 268.23162652810754, 318.90209838624986]",25.411629586854936,295.10024334689695,3.3333333333333335e-05
810,Olhão,"[292.3307470450277, 443.4023484452346, 294.88494483088937, 394.05480593312353]",75.00233180374487,354.57189116462587,3.069475
811,Portimão,"[345.34462305207626, 461.7423385678525, 305.3455720157528]",81.24889829924872,366.70011275061484,3.0043333333333333
812,São Brás de Alportel,[373.1479196990829],,,0.0
813,Silves,"[191.7731916890098, 480.5329390480877, 283.156373000679, 458.368236310876, 508.19220774164, 571.3853249069426]",145.9640649791986,426.4568956986227,16.394083333333334
814,Tavira,"[156.25042213232743, 388.5323541322946, 213.90886115917436, 248.64936831397836, 441.7024315148599, 364.6307172501456]",112.05002042486919,303.13780047423245,16.935066666666668
815,Vila do Bispo,"[393.94641966067553, 385.225991498436, 503.4356527155687, 353.622462483133]",65.25990254592794,403.03691383045,0.34515
816,Vila Real de Santo António,"[252.90258604888467, 273.8670181251825, 220.3664993769937]",26.958022474852168,249.70096432294082,0.006066666666666666
901,Aguiar da Beira,"[278.1027758180982, 139.61819371935513, 215.546608931215, 197.50086845532655, 189.45496522155216, 214.66688050855225, 238.38730924580145, 363.6952311026136, 232.1211536977729, 282.98604707837825]",61.56513774780604,231.5792694350741,7.234839999999999
902,Almeida,"[395.0691542245461, 186.13572337249616, 172.59444084167387, 241.690190979451, 124.66066619399204, 111.54368156782488, 128.4830979350591, 150.31045991704374, 362.3837592006846, 116.02159284424944, 163.34140787405258, 132.0892401730514, 143.91632315205626, 94.93006551813234, 145.7637710627159, 109.2164087927968]",87.72689587129568,160.0510339468558,21.93128125
903,Celorico da Beira,"[218.44369798830007, 187.3837660525857, 246.50218444018788, 231.392926568388, 124.20108843849589, 187.62408111504504, 115.92542611470492, 174.76724456601826, 96.18769335922848, 242.987268995488, 142.70413864175563, 280.71549180666074, 184.35562900203763, 317.803542894086, 124.85923656813785, 158.21120166050207]",62.96444971084586,187.11598059110779,13.76640625
904,Figueira de Castelo Rodrigo,"[617.0142331893709, 234.35670715392777, 359.10170174345467, 130.93851010866692, 202.45066018170007, 146.62575155222237, 111.98460130766804, 178.7762699816329, 154.13838719668544, 164.379649990795]",152.97137394297954,207.12325087030845,28.24138
905,Fornos de Algodres,"[122.41278596600333, 199.213781099677, 189.4431250437326, 410.13687004607806, 233.3044770359948, 193.2890120117339, 145.74537077762332, 155.4149043449316, 194.77194174245048, 142.40795625325052, 191.89642768963571, 152.66538594367947]",74.84844838770941,183.81710270907882,14.155766666666667
906,Gouveia,"[142.14343476282684, 173.00135365886766, 149.03282782092282, 251.27177030742757, 179.42470768275322, 160.29912666631202, 170.37154182353254, 194.74798461947955, 166.63656712322336, 218.58636396970977, 165.73127239059207, 134.6567649280232, 303.77351745340326, 188.6929090014296, 224.7200136166657, 203.8111723753602]",43.78739803988215,184.76786161864277,4.19945625
907,Guarda,"[282.6599099099099, 196.97785239851007, 231.46781183143375, 521.0932100444466, 161.8688725490196, 196.5140955910032, 228.08420748071555, 140.0240250332625, 306.19067516222736, 194.3846685690943, 214.3917882951156, 134.9062204545834, 165.75398324883585, 295.614898989899, 149.31011812068928, 267.5547350036155, 117.19597931919613, 168.81447475740887, 225.92786226968025, 170.28490355386455, 198.06936377975052, 326.21875458271376, 162.7175386264579, 250.2871816040154, 156.27537841198298, 318.54104719451743, 243.70732914591213, 165.66818738203753, 159.78824954840454, 238.34669517227624, 162.95957628691448, 151.3375172282505, 321.72061397596025, 159.78859189520583, 329.3994249445162, 175.6297932797161, 164.13149125686093, 175.3588108527132, 223.2025959943654, 166.29659949401653, 149.3787516847681, 123.06716249780412, 160.12400842709044]",76.80879457763713,201.9176654006745,14.175553488372092
908,Manteigas,"[148.87046307761167, 338.3229514706233, 301.6957853073363, 155.79802332798045]",97.99611863451557,235.4876112366325,19.157125
909,Mêda,"[135.0150636610527, 95.78128556616817, 113.53683341509422, 172.38805596131468, 263.662603611989, 132.09384289567586, 161.94004267249144, 135.3923415856285, 291.05811924445624, 116.25595758876624, 123.53356403930802]",62.91274214873539,149.52263021317145,16.12399090909091
910,Pinhel,"[116.45004081182796, 173.987327531274, 110.99848683791498, 170.63932982449757, 176.97476525821597, 190.19825764882407, 317.6311956591484, 204.57417769667595, 166.9697798230381, 137.42849598108748, 161.87585514525367, 145.55694433257904, 175.10421152665984, 188.62990608832223, 207.0517105581157, 147.57874015748033, 169.6072463123168, 103.1726412076604]",47.439883630899466,166.60703366233844,7.993638888888889
911,Sabugal,"[81.86690089026436, 117.5346196719438, 122.96318245299165, 123.39432914738494, 111.28762154781026, 103.788983140658, 156.9092214880219, 85.84511792519885, 152.91228242228064, 281.8781564489716, 134.7808386432329, 147.37206558435298, 149.8311826964228, 108.84575218590862, 104.28450526775856, 163.42353426759868, 161.39882993222523, 100.0850483398926, 138.41671896827572, 219.6300428009869, 105.94212130772588, 125.03803748400136, 113.8092579820736, 111.5047552789062, 101.3532587393014, 133.37207292126624, 129.27165125277284, 322.0301857234594, 140.42773456882705, 88.648444144724]",53.06013705621768,130.49384687850633,14.425956666666668
912,Seia,"[159.87516842333306, 137.57343107880007, 192.28285541682047, 248.09232564529248, 270.8187007873814, 308.2419180538556, 151.85199031256707, 342.6370018969376, 241.53969913480265, 157.62110163196, 102.55629806827142, 182.5138168308015, 160.42766977817186, 174.75034505899853, 265.99546781466506, 197.65722067817532, 180.59577325781012, 287.75193247901507, 194.027752652224, 236.53878783632, 93.9920327354736]",66.13762875126382,201.41883072643844,13.106557142857142
913,Trancoso,"[156.18857456189275, 185.167668025824, 206.55394052572703, 211.5436023786227, 156.379354663084, 341.5005931423075, 133.24537764044794, 240.8303035640239, 106.1143355842114, 187.13888601377656, 157.57945478459342, 195.93409090909088, 199.18872479675971, 131.7547151778098, 140.54371735315715, 207.0991361206069, 155.26352540301562, 334.7795669262076, 126.39111511032684, 323.4498711306982, 169.47560086356734]",67.19630817641642,185.8139532241675,13.206519047619047
914,Vila Nova de Foz Côa,"[153.4778028149648, 125.02717302614444, 187.46661584909117, 147.96720520371989, 128.9325838823537, 245.9379207908872, 177.6337536765586, 132.16865827276095, 162.8776894959714, 169.61499413979047, 176.7684785880357, 186.51285562913907, 208.16690676099248, 286.9754506299558]",45.30333249971894,173.3804009594238,6.041078571428572
1001,Alcobaça,"[366.667290242932, 360.2945957721532, 412.73629001530895, 417.1488531210413, 468.6590966013829, 274.95878386784767, 227.30974300549167, 400.13937607230326, 371.36243449277725, 313.4282609314143, 377.2501149239338, 371.6686667129857, 335.5460813651002]",63.018120698490264,364.85269061515703,2.644
1002,Alvaiázere,"[162.34476124485434, 250.27274442989705, 144.76558703763553, 311.0260411063191, 273.590116434384]",71.94726513148034,229.95533499447566,12.8412
1003,Ansião,"[224.2372852352194, 291.3046687098365, 271.1608139801266, 140.61264507520795, 217.40933580199373, 271.9021895361838]",55.07542584354182,240.59954107825078,7.196383333333333
1004,Batalha,"[424.9237907764211, 287.2076727384889, 256.1708550425715, 377.20244178670674]",78.22595324558392,335.41267428196716,4.9211
1005,Bombarral,"[356.851135280953, 297.16028986729185, 530.5054103864753, 314.6652441190066]",106.7870933874131,364.18262322496525,7.4931
1006,Caldas da Rainha,"[401.81253091002327, 341.859723019593, 557.9920422338765, 304.0032953988496, 383.3968547342639, 370.68440463523183, 333.68299808722287, 346.1504599023817, 423.7072359299825, 341.18809664403096, 263.61086207823627, 378.5428350381392]",73.03219196810568,363.9107346952396,2.102508333333333
1007,Castanheira de Pêra,[219.11931632847643],,,0.0
1008,Figueiró dos Vinhos,"[198.5980336213627, 176.2317544082099, 109.86269588863438, 278.8999653005307]",69.72674208808672,189.70061985854443,15.23545
1009,Leiria,"[377.46576411698646, 313.7036730933511, 363.5753653642441, 160.20046560253076, 378.283834701752, 348.3849681241723, 640.0039711383395, 331.67390415050977, 418.053567494243, 358.6724470798274, 373.63325093431695, 332.47955403212785, 299.73276654891924, 375.7855542398118, 543.499058403357, 347.6520749557039, 422.93027188700034, 399.7289627333527]",98.34833933286203,371.0635319175062,7.039433333333333
1010,Marinha Grande,"[331.9746141409466, 260.1749494965594, 521.5369786763157]",135.030362134007,365.08588380919883,14.059633333333332
1011,Nazaré,"[320.27382370303457, 249.13095740030488, 333.35825388500365]",45.326127880940525,303.70411516484785,0.5273333333333333
1012,Óbidos,"[323.28177254474707, 363.36679350523696, 295.27410879046835, 442.357836632932, 434.93135869280496, 468.9638019074704, 429.6057075352085]",66.56757255551469,397.65814291209404,1.602342857142857
1013,Pedrógão Grande,"[170.09736467491436, 239.04107905849807, 164.42865116611492]",41.53790329696097,188.4445330181173,2.6578666666666666
1014,Peniche,"[273.48352941418096, 284.56598525121564, 260.0793143956519, 277.601078667403]",10.30601448993198,274.4687102091715,0.0
1015,Pombal,"[213.3734605006464, 257.4951134450655, 296.8933418925172, 322.297099018471, 299.57423863639866, 325.177792544841, 338.9830791950802, 287.25774732681293, 276.08183006192667, 251.44043508745256, 377.4502344895986, 314.3817932844472, 212.0357862474831]",48.09309625143449,291.1579605420235,1.4893538461538463
1016,Porto de Mós,"[210.18430313674943, 364.2693364472997, 367.6196232302264, 283.1094016078187, 428.8603626801592, 314.82497986399443, 306.9039779216864, 348.1227720915949, 300.55198930521146, 332.175703439208]",58.398463057185225,326.7882542765078,2.55738
1101,Alenquer,"[289.6765905294298, 270.8119176615401, 284.87123754849966, 294.44047578641624, 264.12517733671945, 262.97165623820507, 266.9211733462224, 332.37756456224605, 345.4242650215258, 335.38980894038497, 270.69770493485225]",30.94787211823492,289.47410718530966,0.0020363636363636365
1102,Arruda dos Vinhos,"[377.1574118004775, 393.8411022305041, 342.274825844129, 446.1324035135785]",43.236315080408545,388.36767385881126,0.00835
1103,Azambuja,"[306.7306406837583, 266.46332895474706, 362.0278633547908, 387.5332784995194, 285.4664259398012, 679.6439664967069, 236.8836127220575]",150.12820571523133,339.91281969755744,16.637642857142858
1104,Cadaval,"[320.05108757862786, 375.8300241072634, 338.4524570725378, 246.57215934485973, 373.7271777878764, 282.0328833753218, 341.1670657968712]",47.29484894511548,328.3905837955426,0.6858142857142857
1105,Cascais,"[424.8424705299499, 301.44566177305813, 305.0782136237544, 452.1920392738684]",78.89782000269577,370.39537667227404,3.422825
1106,Lisboa,"[225.0797079936089, 324.6625883286958, 225.60344080201125, 299.5693009611293, 373.7142377274645, 501.5769098681061, 352.8858897763169, 287.4449311544882, 276.6534327324393, 359.0231224427928, 447.73172283435, 371.8706837244147, 418.6860932811312, 742.8408290948588, 498.3373334058435, 435.7557307894087, 397.6067725687981, 616.0364772901181, 681.9214538914599, 230.94774962573055, 249.68092929340077, 847.8328818696637, 825.4664258558778, 262.2141411340012]",187.8469607595389,405.7876962711282,19.8082375
1107,Loures,"[385.83724800421857, 290.0597331425482, 393.4730325210169, 464.5165735092321, 292.7337900388694, 323.970652876448, 286.2808014638301, 705.1918859061757, 262.42486117711536, 260.2934374056884]",136.24357800243075,347.8003231042875,13.82149
1108,Lourinhã,"[367.0687964586541, 325.2507299389683, 319.43265509124245, 297.3948919886092, 316.92125054284173, 319.9546235813025, 373.3793942654645, 334.32179190680216]",25.967788039803597,329.6946209434791,0.0
1109,Mafra,"[286.131444741295, 402.3602798113458, 305.47069250273626, 374.0910864278789, 401.0732123929226, 390.96460484118535, 371.4865349425056, 357.90519475232526, 378.0333645274591, 372.7071208116831, 433.5791349084834]",42.34182251733147,373.87616974112746,0.11026363636363636
1110,Oeiras,"[342.3639327757173, 334.2911934588629, 312.77443063907646, 370.9301037629184, 343.0501560426596]",20.87498310197504,340.3274243259886,0.0
1111,Sintra,"[247.64652416472236, 419.0039159258183, 314.99171685012857, 251.34777853153165, 220.48402131680817, 438.42371406000206, 233.36566192890453, 239.1843622363749, 260.0046641435825, 448.49179358802, 585.7850053256232]",121.13666961410016,320.81434911315216,14.962354545454545
1112,Sobral de Monte Agraço,"[317.3814018595985, 386.8930916091773, 377.91146947481775]",37.807480815109265,363.1601310316715,0.005
1113,Torres Vedras,"[326.30825555707986, 377.6408381667648, 384.1071418955936, 327.2719508978757, 256.2714765307814, 329.5478392043943, 305.47242589857893, 320.33074690867454, 396.1105692334268, 324.60187308563144, 276.3416587809883, 264.5485864551143, 387.2079378478474]",46.6989511338075,328.8199861857222,0.39664615384615387
1114,Vila Franca de Xira,"[315.1804357427424, 310.1349198844993, 276.10795953746225, 297.148322902011, 330.38351909171644, 251.3311729538588]",28.77208850666373,298.38201657750193,0.003
1115,Amadora,"[335.9029564292487, 218.53937778476327, 307.8269485469209, 207.71217004287175, 243.8090569898435, 268.6698251077318]",50.507248761117104,261.8543368537385,2.0212166666666667
1116,Odivelas,"[276.9764742978529, 286.1336548451555, 239.94362237506445, 283.8596003645065]",21.544463804921175,274.05310271666474,7.500000000000001e-05
1201,Alter do Chão,"[290.9990993104616, 211.9962234671236, 306.6157032944756, 181.9539149657753]",60.396007506344155,248.46454194922782,6.202525
1202,Arronches,"[551.435855025166, 233.51420903413103, 307.8896601864552]",166.29322984023133,355.372897241195,19.9257
1203,Avis,"[183.72036956548493, 522.1244661941291, 320.6489957109431, 277.570767393728, 438.20007766146887, 338.3607496989535]",119.36112101042478,343.9911358621176,14.205566666666666
1204,Campo Maior,"[467.6300812120064, 337.54127205146085, 442.8194241474494]",69.0677882971143,420.10911629778377,1.1035666666666666
1205,Castelo de Vide,"[180.2694374702727, 294.8514932553233, 257.4534693250312, 399.07737529230144]",90.95892541733541,280.8130463655736,11.9158
1206,Crato,"[179.92127280401178, 251.7277358757807, 184.8601450365687, 327.06142050344283]",69.04010015409122,232.06300966557689,9.0792
1207,Elvas,"[246.0924728208992, 480.621951576133, 298.79397894268646, 382.3507146235652, 513.6748670256779, 279.914233940669, 268.3064479616108]",107.89428264112556,344.84383374615845,10.605214285714286
1208,Fronteira,"[255.2580780143943, 422.03848237816266, 301.1089691256422]",86.16065872439415,322.0031638113593,6.349
1209,Gavião,"[201.72176987356292, 183.25821107335108, 173.7873396722425, 303.65815862275497]",59.83626070044544,209.29527051911612,6.814099999999999
1210,Marvão,"[235.68793514311503, 432.5859776214948, 268.97491795177206, 291.5327666676939]",86.68378898312328,298.99609494817884,7.37275
1212,Nisa,"[211.0431470836032, 109.21479454865796, 134.73488634765135, 105.44518700823043, 223.1025111956089, 161.61932519837413, 278.85019880879435]",65.01739629992572,171.97353181243471,16.25394285714286
1213,Ponte de Sor,"[211.1194132466103, 324.5322708232973, 269.5791280518471, 222.72192866418396, 366.4533578986092]",66.30413853946258,276.8487125678462,5.306360000000001
1214,Portalegre,"[209.8279807576016, 232.42143497105587, 268.53464422445205, 390.9866981830535, 329.19091292956466, 259.6824992790202, 296.2568897579999]",61.41496275535472,279.97343290212723,3.488257142857143
1215,Sousel,"[402.4463606991623, 406.9107650974103, 255.9527576468038, 399.7077177963256]",73.59432681843982,374.86731676261326,4.531975
1301,Amarante,"[141.36081154837476, 126.52356298455886, 298.5367023824433, 227.90145826657235, 313.90812258052244, 218.17710423633608, 330.91001867433886, 271.2995462501637, 253.94397763337943, 257.4856228340231, 328.7676256066693, 150.2304015095205, 263.55385004702833, 167.3196491211273, 310.3978964567608, 299.0955735602772, 301.1063611899864, 191.58449174487188, 175.31244514785308, 364.6930459706369, 137.02350761640562, 286.95488167874936, 277.1439719254528, 135.2367312619058, 326.7446505110588, 266.44829235329627]",72.11546123203676,250.95627487604105,12.515261538461539
1302,Baião,"[180.1956844477262, 173.51075456887256, 257.3137818571432, 211.5283680406252, 165.50711126680338, 249.5226715633378, 231.0809209708027, 144.27531393104465, 294.0272594767444, 242.0245957112858, 313.4197332205794, 184.0302347452836, 216.89333302120056, 156.07407275076037]",51.685352894397646,213.34433978859994,5.919157142857142
1303,Felgueiras,"[347.75340434656977, 339.3730777412795, 335.83518767461175, 424.86533729647607, 252.12611774811865, 386.872257829602, 287.5348543101776, 425.0554214364806, 323.114904112382, 328.7376318672721, 724.3448096251424, 431.4303210085977, 330.8624194786068, 443.8860701491613, 329.1627993188738, 341.9068307944938, 347.5816026692096, 339.8137632140624, 309.6596072867393, 320.71889139282075]",97.2635275715732,356.0190816884859,5.3472
1304,Gondomar,"[266.8494953213616, 318.4874501187323, 294.04758215806424, 299.93505258794875, 382.88009397489895, 338.5040296351696, 384.38846417312857]",44.82391803163002,324.97674736130375,0.18587142857142858
1305,Lousada,"[458.050456483546, 350.6705072432272, 390.0474374200252, 353.929527243165, 410.12746065307823, 388.6756451649555, 320.12130996806053, 373.2727763603186, 333.85033015274536, 314.7118866521639, 384.0069113247735, 493.0925293302933, 406.5415084287961, 403.6724766212874, 483.70920954780553]",54.61653533767049,387.87431279227565,0.2287
1306,Maia,"[327.6374398383255, 548.0465510465683, 404.9786792645207, 523.1998853196277, 575.9530635925372, 392.4619879834452, 316.4885165858431, 481.2974469117582, 397.2386939798525, 440.52731577983553]",89.4268520495246,439.20560542038686,3.3006300000000004
1307,Marco de Canaveses,"[295.18166465662364, 465.32118651362106, 304.4541268809772, 422.1567945447619, 336.98057560673254, 325.1006201926132, 428.3225674054388, 352.2640492206255, 343.0329382797294, 353.77902748170635, 433.3262670710492, 292.30391821735344, 312.8239054594852, 316.1758857626633, 256.5177005283926, 352.355624374099]",58.94263234690259,345.00704669768106,0.9870749999999999
1308,Matosinhos,"[324.28778770037025, 446.151686394524, 383.6128027783823, 351.91151672277874]",52.38529588963924,373.783399907908,0.12817499999999998
1309,Paços de Ferreira,"[678.468411498934, 416.1192411657256, 488.8165688004978, 513.1188828607849, 441.3675707912803, 473.1569920712721, 358.6616370530207, 378.1984287547796, 513.5247768149119, 532.2931735588395, 447.8400946534296, 380.4737406779181]",87.63718328847763,462.10408314584265,1.6779833333333334
1310,Paredes,"[360.4874130428289, 374.59205687339096, 371.6338107712193, 384.9035046544568, 372.4099254846179, 427.0673952642671, 380.772899702246, 453.0868631548971, 1199.6293986111111, 347.75317337750465, 361.0354148977789, 361.6223636363636, 410.1895947192675, 355.7446706825979, 469.3694878336427, 522.5280242694131, 457.61693389022025, 410.9451319353932]",194.1639807877162,415.5827963414134,15.712444444444445
1311,Penafiel,"[352.87618989368525, 320.8679270663367, 461.4259919053041, 380.887953929517, 280.5832066939709, 312.1882606064175, 393.9130379465949, 394.072462995156, 368.78337475833297, 327.95527293738985, 314.67995330202825, 397.5255070763701, 412.0678395798841, 428.8961875628816, 368.0331784672992, 354.93623305703403, 342.5713873771994, 359.05959251231167, 385.309938826942, 382.233897777869, 336.6203918597441, 308.0668733416533, 302.2779028443438, 427.96498985957913, 284.67476927030094, 516.8058364950158, 343.242882108543, 363.413603990676]",53.676974135733346,362.02434315584316,0.3847535714285714
1312,Porto,"[395.9147603227345, 375.575856116434, 325.79474051865526, 385.6463977735536, 486.5586584334656, 599.5371406521641, 502.1283895548641]",94.4807783331443,432.98622824170474,3.4087714285714283
1313,Póvoa de Varzim,"[560.8317268700915, 563.8840295889906, 694.8208546786283, 627.9612268651186, 283.9958113639128, 367.24562135759794, 296.0578484000994]",166.53515778906055,488.4469815436778,15.499414285714286
1314,Santo Tirso,"[403.9205080888226, 503.6997288753919, 339.9979713743024, 323.28678171665086, 298.13871956879666, 322.06214884732464, 295.178342119613, 303.5623910145904, 349.68786705336714, 309.30645324390935, 327.80824266512417, 428.0629985544597]",63.40143656139932,342.026477427413,0.918275
1315,Valongo,"[366.0489451964898, 305.49573257466415, 319.9074974658532, 406.43014645892345]",45.923840790229505,347.9323458556679,0.071225
1316,Vila do Conde,"[386.6772739139849, 648.417240278788, 290.00637069515363, 1255.7540411537886, 371.2014033638641, 490.010289149485, 515.5607666393814, 369.31581934202177, 369.9803300485549, 324.34088632402955, 1163.4596751318047, 329.78902150874404, 312.7703367980267, 427.6498504942242, 594.2077213787147, 345.6911124689923, 365.6275433760038, 354.3387407777748, 558.6673699292886, 445.244198311052, 493.3022130340783]",256.84796779628573,455.14914543158886,21.987647619047618
1317,Vila Nova de Gaia,"[376.84214499431545, 353.6702891524396, 381.6696219839633, 313.90640465773, 318.87174982287746, 300.4848998205404, 305.1332974862473, 291.5312218623412, 414.7097832169911, 326.3941107274743, 340.44148593930225, 369.4996335845983, 360.2751833921539, 414.5094900770812, 377.2498881381136]",39.7458700566862,349.03796958899557,0.02196666666666667
1318,Trofa,"[540.8575770747716, 515.1255341165821, 410.95120032944754, 445.7463034100178, 348.787788808836]",77.87320468812806,453.398156727325,1.40012
1401,Abrantes,"[254.02313711323157, 250.59531454724333, 227.64271253355125, 261.52322051633814, 249.0693120575119, 293.7581739177902, 157.9239315442208, 162.17525776943538, 337.51324775856955, 172.67743575582452, 225.633597351118, 224.1686733028073, 260.31709236340174]",51.20148474546546,237.09760695475933,4.906976923076923
1402,Alcanena,"[310.7950143367813, 337.2713032991813, 252.33316776549785, 285.1555970568324, 310.7796186803284, 375.6899718879175, 321.51775088804004]",38.85083603969218,313.3488761698238,0.10584285714285716
1403,Almeirim,"[407.8665534773856, 444.1421899301288, 394.405127690718, 380.081278423555]",27.46498027059046,404.9241264026472,0.0
1404,Alpiarça,[441.60120622163],,,0.0
1405,Benavente,"[398.5698316796283, 380.262978381169, 705.8811179701179, 305.220414822102]",176.93620305277506,429.79405106946535,15.815325
1406,Cartaxo,"[345.6790953297302, 856.9562750559949, 457.5791508244591, 351.2205560416246, 304.93116834800406, 322.31000238924446]",211.20322788626115,409.0118406909321,20.287166666666668
1407,Chamusca,"[267.8174268205628, 620.4293182589581, 400.6891860515405, 438.2811099048549, 381.04655434430566]",128.00612020397736,414.30966854163177,10.13798
1408,Constância,"[460.9922071970034, 329.53731899775465, 283.7162723193957]",92.02057110315708,353.4261064629574,5.7001
1409,Coruche,"[329.9598786491238, 363.5953793061965, 392.45903445664175, 442.9179619042631, 306.0731108888663, 348.36842325734045]",48.572955951960644,361.1338517994653,0.10523333333333333
1410,Entroncamento,"[278.8222538332996, 282.6211240102611]",2.6862068629768068,280.72199220265975,0.0
1411,Ferreira do Zêzere,"[276.86970410934714, 187.83310689856265, 175.24307192633196, 361.7716188918937, 235.6166737522909, 252.45003089234737, 208.3130026475177]",63.55318290042621,237.21519710462974,6.583785714285714
1412,Golegã,"[714.6059228882337, 493.4261137358983, 308.4619725888579]",203.34090826807235,503.1746785344875,17.274666666666665
1413,Mação,"[196.60446771585416, 212.72372745903337, 176.38968694726535, 182.09297533852904, 286.0354338606904, 266.854753273068]",45.814979024450686,216.88566793550993,2.7028333333333334
1414,Rio Maior,"[308.2320826865003, 322.80465319893307, 338.436355798574, 364.8298340197884, 338.4162494520399, 296.1637802583575, 402.4692034548792, 321.766364424544, 269.3176819408448, 384.78378734214976]",40.55975045516558,333.67187690235426,0.06836
1415,Salvaterra de Magos,"[388.85233789375474, 429.85605371139945, 279.9689501188921, 470.2204154388592]",81.8783174722213,397.47849998329457,4.3202
1416,Santarém,"[314.8946175478807, 330.2395349457568, 342.4769243265498, 310.31942348076456, 308.8070689173365, 282.9755588815197, 221.3347786325517, 310.97815801995256, 370.6731319001453, 410.25030734986245, 334.63368949149736, 348.5190949347878, 365.49969660583, 326.99671998902585, 363.6567995177711, 568.7267705980481, 368.3017341499272, 484.4178032030782]",76.23158943349651,346.0840162758327,3.245288888888889
1417,Sardoal,"[199.3706198134059, 164.57213693622955, 333.0427421621052, 224.8788883579954]",72.71434454418078,224.7644677637027,10.345650000000001
1418,Tomar,"[269.3117946775107, 226.15401684827327, 200.91436145697216, 289.1603789142647, 295.1621595859182, 192.18617993920893, 237.28939808101515, 276.4033867087445, 294.5359982975917, 229.190350649578, 324.70434528406673]",42.97149598607223,258.4818943676081,1.3423545454545456
1419,Torres Novas,"[244.29062918328032, 241.87872314805747, 251.0630272294277, 440.44769648446567, 382.3464912636423, 270.21856633363734, 282.6011628770038, 269.0608993810173, 440.0178252231514, 285.15080806150934]",79.02797818797669,301.4520060505911,5.71103
1420,Vila Nova da Barquinha,"[322.9646216356845, 254.0481149689332, 295.87174143153754, 299.3353082168561]",28.655999079867495,294.5878581218027,0.0025
1421,Ourém,"[299.02614719092685, 250.32750069205224, 299.34591572928304, 175.36235281907832, 460.9128337767841, 281.80280974317674, 287.12640310722685, 210.3275290082263, 330.6497858023788, 235.25994134078613, 256.1275260615798, 262.3529822607396, 222.7050371997327]",69.86404890279762,268.33789919181334,5.886023076923077
1501,Alcácer do Sal,"[310.373468906592, 255.1821931563663, 607.8379391036639, 419.3809909535845]",155.52523092870547,388.88521004441293,16.358424999999997
1502,Alcochete,"[480.797525871918, 308.4495758356557, 388.5508883085145]",86.24526874301614,391.8136832840094,3.638533333333333
1503,Almada,"[224.6820135774761, 261.48105034185045, 255.15254369515208, 323.1422132748501, 291.7710503798286]",37.54015534839879,270.2403274496679,0.19334
1504,Barreiro,"[289.9865301919189, 208.5493234899748, 280.54629987135496, 483.3363400712918]",117.5870440207041,305.71817120234385,14.530675
1505,Grândola,"[389.97395760691, 561.9415107680439, 434.6260314800977, 433.54391317535647]",74.25257200009925,448.39135186379855,0.44079999999999997
1506,Moita,"[283.3332170366954, 313.0563422209618, 195.7962728916528, 284.2780762697648]",50.788955081508014,273.7388637937514,3.1772
1507,Montijo,"[962.0858704676668, 502.672065473688, 492.8673995387576, 337.7810626295356, 707.243328950226]",240.99522662409615,585.679766974655,17.34086
1508,Palmela,"[457.61431434865887, 309.2285500942238, 429.69695603542056, 705.0568001233728]",166.0926402599427,464.64577469221274,13.237974999999999
1509,Santiago do Cacém,"[425.884251845433, 492.4912708776715, 262.0104516178406, 355.4335727482453, 286.3148690673045, 316.6744872394711, 375.2726937402636, 263.28549985561574]",82.02293628814718,341.8444549194992,5.0170875
1510,Seixal,"[253.54533918765244, 271.8549646288188, 339.49728104064934, 282.2463821239632]",37.089821730062646,283.71775787375964,0.041625
1511,Sesimbra,"[302.090253768522, 208.50020626950425, 289.3867136073206]",50.76597284403251,269.8673729581833,2.5081666666666664
1512,Setúbal,"[274.9312718840616, 434.6164312075378, 354.5245166415171, 393.331414810188, 315.31536498426766]",62.83536116273306,354.51732584936076,1.5419
1513,Sines,"[328.72560412072545, 417.0097571149434]",62.426323253522156,372.889490595083,0.5732499999999999
1601,Arcos de Valdevez,"[176.7273860099667, 200.1148636356564, 173.59337184720042, 112.3129730148717, 114.83284759924062, 277.42869622781734, 215.9493607618307, 95.34617421967302, 174.78561593016164, 115.72396118165904, 148.86338885729927, 206.23414960516843, 322.4534208817103, 94.99316923517944, 238.9463829763956, 120.30170297808512, 144.36350233165405, 215.8018199545157, 188.16189964957243, 101.78867789939837, 175.19153445020095, 152.26820988904936, 145.98530921912723, 166.53216066628508, 393.74143921499007, 358.71514778771206, 130.35748155049097, 186.7740539515348, 273.8945624853152, 233.8721930787284, 306.69927117186506, 124.43352703416204, 149.23303663508955, 349.66753203189575, 215.2675635130006, 179.58693495886948]",78.0981169031616,186.14315926120142,17.746377777777777
1602,Caminha,"[320.52771085937326, 230.89969128697567, 311.0946557444208, 301.27484917680687, 267.548366621822, 270.22270592334206, 195.92156687120035, 311.06989128862523, 310.0712530632218, 226.7170263788969, 387.95461020249, 296.874571939174, 235.33809381576395, 260.8706677995228]",49.45705314726345,279.7719422127816,1.7551500000000002
1603,Melgaço,"[216.34553769204493, 137.35715522735407, 161.8409727966799, 107.92478883610154, 114.45422817097104, 226.31100987274064, 237.41823207198829, 175.25847198365702, 173.4629723768558, 152.4489008607715, 106.28911589215978, 334.0292090189925, 329.1661750042446]",75.98704958969068,183.32327253348282,17.51506923076923
1604,Monção,"[140.27529730389784, 240.7550946240176, 188.3924018310445, 227.21567673685576, 192.28808722625, 204.2050326084087, 180.97357567653265, 176.00007694996987, 259.85349453717856, 217.73627535487776, 205.0265181410544, 176.74560499738766, 143.31458778587864, 136.51649958021468, 232.71221776131287, 167.39195754299638, 192.8415374376775, 124.24224010489682, 180.3668129308882, 380.5852638230363, 196.8231070812429, 396.1106698488718, 156.7778725673507, 338.84368427219573]",71.21006207153165,201.49540510729244,12.002179166666666
1605,Paredes de Coura,"[176.2080739961269, 299.37105285753444, 161.89516511178468, 195.93608005054543, 173.2406258155862, 233.83743169398903, 198.28301804611385, 191.13112469871257, 176.64170454833516, 196.1554297008821, 203.82733608750328, 162.080712653929, 214.1108252820019, 258.6580438234404, 165.7990420125793, 373.4895644855837]",56.99878878219394,203.38404562657468,6.1849375
1606,Ponte da Barca,"[124.80096800369488, 189.9792377288973, 196.43138846500108, 196.5242749567063, 194.760984922746, 211.5738695303771, 138.84055835584783, 204.8162268019844, 257.4565983870992, 121.717551106796, 224.0095960374049, 183.55058393244036, 210.3795936431617, 178.5724668629065, 338.64830449072883, 178.01661363605305, 125.54274856558972]",52.96757655326699,189.5227445490802,8.302664705882352
1607,Ponte de Lima,"[268.79394930109066, 336.90277076966873, 387.5215266344408, 174.51566314111753, 262.6099632807854, 149.65639662792486, 330.0475477829854, 253.07079042956147, 289.17040098931403, 356.324884589085, 276.3752750037926, 253.55576878537815, 349.0418911873406, 314.474307655445, 234.91740964583215, 302.25892483794195, 377.91260287018, 205.6845794599416, 209.09743217370044, 429.0308230667351, 233.7145374956178, 278.0482439456761, 305.0285391629523, 339.6703756278756, 203.01885278015368, 253.27703974207705, 382.3993797938415, 185.1714789694512, 249.2226284709869, 307.26370802019096, 535.1338435162421, 368.5310309687368, 233.67667370425465, 222.82897641547768, 219.45972861845053, 224.39606588693823, 292.2072001605975, 159.21734540651855, 276.0425767726495]",79.09298448905072,278.24857037406275,9.04833076923077
1608,Valença,"[195.81644425526508, 237.05066227996969, 248.0527594040552, 254.61167449566133, 316.62729614825884, 358.760973740284, 255.01849749847733, 462.58324527927385, 172.3931815735912, 247.6612111200761, 386.2645641266556]",87.03220752632045,277.8748934568682,10.536181818181818
1609,Viana do Castelo,"[269.33096026638015, 301.4395407055728, 283.8736836617662, 278.0975513207522, 272.6463709810154, 314.4221103677665, 270.59525910279814, 281.9917190167012, 266.8190277181233, 357.3138062473838, 226.73114445377425, 322.44090332791023, 751.7838586827032, 268.8928280558462, 319.07813091939926, 319.7263864595587, 350.66186679486685, 263.0956506416844, 169.872184479808, 336.0841657062918, 325.8813396291407, 280.95943952164964, 322.54802371994543, 321.55724604153767, 273.2171845761948, 240.1183833614544, 374.523721122905]",98.32551076085966,298.5251008622619,8.791977777777777
1610,Vila Nova de Cerveira,"[334.82265453692395, 215.3176924005838, 281.970622374989, 305.74196751955384, 166.5817124786902, 221.88733537429084, 221.34639470301863, 442.0298805013604, 220.85145738434343, 258.73676299207733, 488.8072417160941]",100.39287455488912,276.47738342062996,13.531163636363635
1701,Alijó,"[349.8438090363106, 221.47471281755944, 137.4188666869525, 499.8011920165358, 176.51897123931428, 166.08342997041674, 142.33662708687683, 190.39353058905627, 160.77508903953654, 194.78914739373184, 120.97434564897658, 156.11870820813954, 165.90170991731145, 309.7363150959248]",104.56280220621615,198.50983422418165,21.1678
1702,Boticas,"[221.7778730088819, 109.27096361618896, 104.94055784241888, 134.6222738625255, 142.22298849326577, 119.9997514217484, 105.51048024257192, 438.321938796779, 117.30741089128304, 122.34321952383368]",103.07916462712222,144.88405886037287,26.74128
1703,Chaves,"[155.69074331957674, 164.7003084435155, 188.66300824574444, 116.47172518482527, 216.8641724435109, 133.05407865692268, 247.3697060380995, 130.62976870120156, 179.6797381349718, 149.79848840638527, 183.09104440166536, 164.93001902564183, 532.5448525561698, 163.79176671867836, 176.16276031762126, 133.3065634420758, 160.14592723104113, 176.4834015420072, 199.4329841099435, 200.02782218543305, 133.68750496382822, 145.8826275499389, 308.4051598642195, 271.1951978576843, 235.6970286076608, 154.27915413642305, 162.6012617586612, 155.58026271050332, 180.1826026369997, 313.3374062918072, 206.48796270221405, 403.8001281787448, 209.108777466378, 128.3691009362942, 138.2058764201541, 267.5970321782808, 160.58478358104372, 126.37192866335756, 273.3799001992056]",82.27511465132609,187.80657302510497,16.637476923076925
1704,Mesão Frio,"[187.62758717689363, 155.68268379089264, 195.9060199868753, 195.26238358987, 411.7154803609939]",103.32618888188394,214.90218481132945,18.70758
1705,Mondim de Basto,"[202.34090107737416, 128.12056554697534, 300.70885325863424, 163.17995107852505, 140.2919194555902, 106.60551660873638]",70.36664650033549,166.21867434354158,16.871483333333334
1706,Montalegre,"[172.1751221338413, 95.1422311163718, 138.38834237165366, 132.66034705820104, 151.04868559475688, 101.22122409321372, 136.6679165462987, 122.8671767667648, 124.33510638297872, 200.51911297630755, 84.1645194002213, 160.7323568419063, 77.12961666304349, 98.73849789331946, 97.7104338872233, 88.24258640354809, 144.4085176948281, 88.80692895688499, 86.93954546294655, 357.6403229558396, 101.5736805869257, 121.17414366052397, 191.79623031256304, 193.17632030923411, 118.29526460370096]",58.70969599506729,128.5350866186596,17.87524
1707,Murça,"[180.97071883161308, 158.77751923448997, 162.68245348687535, 374.8936706212314, 185.31977671451355, 173.7604255397795, 247.3424416777549]",77.65864995897168,200.95977977527795,13.2625
1708,Peso da Régua,"[203.06127627819, 178.97918451167013, 154.50737222360462, 241.01476022523929, 194.02816350933423, 152.3474970213257, 347.7565704096152, 220.1491485205771]",62.89791908430041,204.24461877829316,8.6883375
1709,Ribeira de Pena,"[132.3205491544562, 95.82009148959128, 178.3967214885282, 209.54213474816413, 287.7652491337824]",73.90075737720892,178.11586020157733,18.20106
1710,Sabrosa,"[227.25521386328975, 186.3109648403569, 123.52740806820212, 215.1613149847095, 236.77499316761967, 433.5515325198137, 138.2045361491663, 142.44278428926546, 180.2450970329968, 140.07916182472815, 217.5120855631765, 196.4555965220694]",82.14237760671948,192.7891941620649,15.881033333333333
1711,Santa Marta de Penaguião,"[170.80757383654907, 210.8930159702991, 197.92802478151725, 153.18401637564173, 144.73396189187068, 263.45976260357867, 132.7078788979543]",45.640427469168344,178.5718685974202,5.920714285714285
1712,Valpaços,"[139.22651195058822, 198.3684956255005, 115.65785341847, 168.42836621850776, 167.34041294954258, 121.17053590557286, 167.0768817731771, 140.5322075021478, 174.43748493438252, 139.8089138037205, 169.25861084487025, 139.3041340700689, 153.93679105133776, 149.5199606419965, 125.52929743946522, 156.92549458176234, 150.09229914566563, 180.5614017663244, 182.4397917858042, 234.6927546470262, 260.3495786846642, 148.17468938319118, 153.6392446301175, 129.7423421784466, 313.1446465209396]",44.88035653483177,161.2766530683807,6.23862
1713,Vila Pouca de Aguiar,"[170.87231444160008, 249.1335879788832, 140.98701543715, 139.2643720270382, 184.91142209178687, 251.5357166460068, 134.9869077304673, 153.29935522184434, 375.50750029046526, 148.08709873859576, 159.55999348088082, 230.7157526921933, 160.06414243790712, 183.43647092906383]",66.03178165257482,182.98734983425646,12.117492857142857
1714,Vila Real,"[208.3194823992609, 234.83372846424732, 266.8377471765885, 198.42838839361505, 256.08583686262887, 183.91228415381784, 285.2647293743876, 305.1128834717793, 245.58761591531228, 223.3207277969891, 190.91608270522337, 203.487833426217, 251.64477306253025, 266.2835512142052, 579.4862559509424, 256.2241700243945, 162.21522289210887, 170.74427542630573, 186.0414511409548, 404.8328670518204]",94.75295149590771,241.2429948619278,13.504515
1801,Armamar,"[239.8531979961559, 238.0738522954092, 295.8683531054115, 192.2175030152171, 225.18169384891908, 239.11988857314265, 393.3545463330834, 329.797831984433, 399.39679951148497, 154.6514109597159, 502.97540360421885, 152.4390815791301, 211.96087843233025, 165.1795685481512]",104.80410193913843,256.988680698836,16.921785714285715
1802,Carregal do Sal,"[193.4858234834771, 220.1312016343567, 254.0057698496313, 182.1288194415205, 293.13883424115016]",45.48353665682148,226.47178222336274,2.29082
1803,Castro daire,"[94.7416861648323, 101.37026092104792, 337.27633472938504, 91.7376157055913, 83.18739165811701, 212.35307662216044, 240.99233163936583, 201.4396448919372, 219.2428209084078, 125.66948615899857, 146.91196411136022, 265.36433119467875, 173.67207500785335, 128.50803136027284, 126.60123832314116, 139.62515292136774]",72.26624865874776,162.1125462222962,19.69504375
1804,Cinfães,"[325.35678908933227, 266.3095446995231, 116.3523877231364, 159.49969790686018, 201.875107939104, 196.02672201262644, 235.35474924255269, 218.3764834347544, 225.17192481897288, 279.5007937705803, 263.30182546073416, 116.55083396156492, 216.25460019654903, 128.26203319404604]",63.3198252060878,211.5461349791001,12.208692857142857
1805,Lamego,"[227.65096881684147, 329.00419532677125, 195.6560790717552, 230.85688581995555, 165.20915863151757, 165.98120016877309, 245.6432275756828, 119.8802251760046, 168.83405360411464, 180.53947111012576, 118.84808352082612, 196.4146560227298, 241.1310160178992, 200.4033737068636, 314.782301558037, 127.56098744095084, 242.4903558112168, 237.7309070941942]",59.35154061928686,203.88656879728148,10.219033333333332
1806,Mangualde,"[182.455060303314, 244.75892906880333, 206.45852203171924, 254.5897891484864, 397.15053129130666, 205.3948635755128, 246.44102294154027, 157.64162709744974, 326.994314147737, 220.1058141190132, 207.87843262487013, 218.12259777092012]",65.26334182310512,231.3400122421496,6.9597999999999995
1807,Moimenta da Beira,"[238.80241882003384, 295.2588576964831, 212.45129095905403, 179.28907963811926, 194.68038952099155, 125.46825991700928, 309.943857164427, 353.9904186054377, 170.4492110982578, 236.6692412187417, 264.9492339963189, 295.3422774977281, 235.9483577685784, 209.19454793920832, 174.90716672280465, 157.85162524989008]",62.66684572202752,225.96493016881527,9.02158125
1808,Mortágua,"[197.3361905284905, 171.85032193097882, 234.11986714076207, 179.6122845912425, 232.3396124393489, 185.55174862779805, 301.40772030929804]",45.50607020457552,210.17610607065632,2.6703857142857146
1809,Nelas,"[286.47380318479225, 319.2228784954454, 203.59533774877616, 264.0893706186031, 223.4111906896276, 175.24788758374936, 216.7713066883849]",50.56049254271025,239.34458889796824,3.355614285714285
1810,Oliveira de Frades,"[234.24583467725168, 270.96072869732416, 218.56123743476817, 188.6125194178704, 261.3162539579804, 241.1341867681, 268.9956544827482, 375.8056034019121]",55.28421656961025,252.13517543581003,2.96165
1811,Penalva do Castelo,"[178.4093012413199, 200.51980851353144, 209.57121499176623, 326.9599067345427, 186.85599215217212, 213.9857031605372, 184.7726629585624, 210.35822841671023, 189.42575380112052, 145.36546737117763, 148.3058155720283]",48.115173686216885,193.96866277104508,4.356518181818181
1813,Resende,"[142.24577642181188, 189.24740854540207, 112.31766106051566, 332.4438528907896, 153.11167867792156, 155.496058827523, 181.3787025067257, 210.33278539058256, 112.85004592923733, 164.37427518839243, 83.75243662205547]",66.14264141012488,160.4316303790568,16.163527272727272
1814,Santa Comba Dão,"[191.6485997037068, 274.9349429785505, 222.4570972434676, 274.1544383694208, 286.40660343297367, 223.6301580054576]",38.131542383564515,246.62651596589245,0.7575000000000001
1815,São João da Pesqueira,"[189.4554366288773, 271.62702761776103, 164.6745859503855, 203.1939917257905, 167.00450836020437, 156.54789298499114, 133.48674344957814, 141.76456069557017, 419.16643410671367, 177.76539923598276, 161.6480676395505]",82.0207721367235,186.32027101480503,16.017027272727272
1816,São Pedro do Sul,"[402.1105339541734, 158.41404040702037, 189.75424667604796, 215.3279720003354, 189.58298748934823, 185.58033729927104, 190.3484992308993, 139.1718168317594, 151.60717406758602, 258.1842783521549, 202.83871510298775, 221.03270428324677, 112.68604219543612, 307.34932513247514]",74.03474801416303,200.73854181896945,13.380085714285714
1817,Sátão,"[291.0010779953947, 185.83097322352089, 178.10844740901177, 194.1457257805672, 212.64341073708349, 281.1230591967895, 159.33772719468635, 193.6451052773949, 161.3696052089127]",48.164803267051596,200.83690255518798,4.084122222222223
1818,Sernancelhe,"[129.36081261609908, 228.30813565146696, 133.4312873174428, 172.787690912158, 200.1049859636422, 122.6917695756364, 154.94878041306615, 303.69849979875784, 252.74865116345643, 190.1076473439293, 110.0499638507338, 196.29119250216823, 390.9897363084142]",80.19180416685444,190.75957120388995,17.21366153846154
1819,Tabuaço,"[204.22119866050215, 119.5421626984127, 138.27567470788372, 154.1243643990776, 128.03876029611095, 102.0470324182654, 182.57325832440247, 356.7504815818184, 197.0318557991129, 256.6606357510606, 76.76398852500039, 151.2770651307126, 129.8697231900926]",73.75059961036348,161.05506301990653,18.880923076923075
1820,Tarouca,"[206.4025293734741, 186.46045811548208, 167.02774577022765, 86.24194314786513, 186.7800228722975, 146.8988989507374, 265.1703483989902]",54.865142626874466,178.55620803565034,12.001542857142857
1821,Tondela,"[291.06755568446795, 228.52045631719912, 190.98974199863864, 300.64909352762305, 177.37913376045069, 294.2822595769898, 194.197425697137, 191.50036767183008, 242.5862705078929, 179.14354908745656, 185.0856849361276, 244.834065380392, 199.08354643562265, 210.95914025184447, 254.0324053280572, 187.4581666060336, 217.83068054768853, 362.00744674640055, 253.1081740171874]",50.904180979829334,226.95762414774833,3.488542105263158
1822,Vila Nova de Paiva,"[140.54174826928542, 132.06061784745123, 241.4744040780096, 180.3714272222097, 267.6855947857208]",60.31380482934421,190.63215555876792,11.76656
1823,Viseu,"[292.6348666737509, 265.0122545480584, 210.00545670614608, 319.7065800177199, 288.6678957443736, 163.16415195245597, 462.1244281299876, 254.27664743635216, 218.56807690515475, 350.37459321275475, 302.3669332470077, 285.2787739219326, 496.69379577597806, 202.78326370772095, 313.0830427475025, 245.9234218101718, 447.1121247712208, 199.32188617765956, 185.6052173040464, 195.390202661388, 224.07673370993348, 306.33180365279014, 322.7308948362543, 274.988580644719, 413.775008936083]",89.11931446511404,281.93317139540784,10.912455999999999
1824,Vouzela,"[172.69058364380555, 410.1448858227265, 121.60479702900396, 249.3596219648476, 188.77006735519296, 162.34959979204925, 221.5410269847937, 209.29922731356248, 432.90864021480735]",108.81614221166528,228.50188306319023,20.103133333333332
